gun,value,durum
2019-05-11,7001.0,Orta Aktivite
2019-05-12,7414.0,Orta Aktivite
2019-05-13,9691.0,Yüksek Aktivite
2019-05-14,10124.0,Yüksek Aktivite
2019-05-15,9596.0,Yüksek Aktivite
2019-05-16,3462.0,Düşük Aktivite
2019-05-17,13926.0,Yüksek Aktivite
2019-05-18,16946.0,Yüksek Aktivite
2019-05-19,12434.0,Yüksek Aktivite
2019-05-20,7804.0,Orta Aktivite
2019-05-21,3539.0,Düşük Aktivite
2019-05-22,5738.0,Orta Aktivite
2019-05-23,11059.0,Yüksek Aktivite
2019-05-24,8627.0,Orta Aktivite
2019-05-25,4071.0,Orta Aktivite
2019-05-26,3764.0,Düşük Aktivite
2019-05-27,12507.0,Yüksek Aktivite
2019-05-28,4962.0,Orta Aktivite
2019-05-29,10381.0,Yüksek Aktivite
2019-05-30,12113.0,Yüksek Aktivite
2019-05-31,21265.0,Yüksek Aktivite
2019-06-01,9609.0,Yüksek Aktivite
2019-06-02,17785.0,Yüksek Aktivite
2019-06-03,8519.0,Orta Aktivite
2019-06-04,8032.0,Orta Aktivite
2019-06-05,7179.0,Orta Aktivite
2019-06-06,4055.0,Orta Aktivite
2019-06-07,8696.0,Orta Aktivite
2019-06-08,10614.0,Yüksek Aktivite
2019-06-09,4614.0,Orta Aktivite
2019-06-10,1674.0,Düşük Aktivite
2019-06-11,12558.0,Yüksek Aktivite
2019-06-12,5863.0,Orta Aktivite
2019-06-13,6134.0,Orta Aktivite
2019-06-14,3856.0,Düşük Aktivite
2019-06-15,5790.0,Orta Aktivite
2019-06-16,4558.0,Orta Aktivite
2019-06-17,7003.0,Orta Aktivite
2019-06-18,7383.0,Orta Aktivite
2019-06-19,4869.0,Orta Aktivite
2019-06-20,6520.0,Orta Aktivite
2019-06-21,20708.0,Yüksek Aktivite
2019-06-22,25090.0,Yüksek Aktivite
2019-06-23,3383.0,Düşük Aktivite
2019-06-24,3143.0,Düşük Aktivite
2019-06-25,16543.0,Yüksek Aktivite
2019-06-26,5277.0,Orta Aktivite
2019-06-27,2960.0,Düşük Aktivite
2019-06-28,8176.0,Orta Aktivite
2019-06-29,12450.0,Yüksek Aktivite
2019-06-30,8925.0,Orta Aktivite
2019-07-01,3837.0,Düşük Aktivite
2019-07-02,4504.0,Orta Aktivite
2019-07-03,2784.0,Düşük Aktivite
2019-07-04,13847.0,Yüksek Aktivite
2019-07-05,1565.0,Düşük Aktivite
2019-07-06,7241.0,Orta Aktivite
2019-07-07,8023.0,Orta Aktivite
2019-07-08,1232.0,Düşük Aktivite
2019-07-09,3136.0,Düşük Aktivite
2019-07-10,1525.0,Düşük Aktivite
2019-07-11,12963.0,Yüksek Aktivite
2019-07-12,5928.0,Orta Aktivite
2019-07-13,14108.0,Yüksek Aktivite
2019-07-14,5077.0,Orta Aktivite
2019-07-15,6872.0,Orta Aktivite
2019-07-16,18007.0,Yüksek Aktivite
2019-07-17,3413.0,Düşük Aktivite
2019-07-18,13954.0,Yüksek Aktivite
2019-07-19,5002.0,Orta Aktivite
2019-07-20,4912.0,Orta Aktivite
2019-07-21,7171.0,Orta Aktivite
2019-07-22,13426.0,Yüksek Aktivite
2019-07-23,7301.0,Orta Aktivite
2019-07-24,4309.0,Orta Aktivite
2019-07-25,2542.0,Düşük Aktivite
2019-07-26,6804.0,Orta Aktivite
2019-07-27,4680.0,Orta Aktivite
2019-07-28,4052.0,Orta Aktivite
2019-07-29,964.0,Düşük Aktivite
2019-07-30,979.0,Düşük Aktivite
2019-07-31,3884.0,Düşük Aktivite
2019-08-01,2233.0,Düşük Aktivite
2019-08-02,9605.0,Yüksek Aktivite
2019-08-03,1647.0,Düşük Aktivite
2019-08-04,3242.0,Düşük Aktivite
2019-08-05,1543.0,Düşük Aktivite
2019-08-06,2111.0,Düşük Aktivite
2019-08-07,2458.0,Düşük Aktivite
2019-08-08,3805.0,Düşük Aktivite
2019-08-09,1433.0,Düşük Aktivite
2019-08-10,965.0,Düşük Aktivite
2019-08-11,7225.0,Orta Aktivite
2019-08-12,10771.0,Yüksek Aktivite
2019-08-13,12390.0,Yüksek Aktivite
2019-08-14,7942.0,Orta Aktivite
2019-08-15,2626.0,Düşük Aktivite
2019-08-16,13094.0,Yüksek Aktivite
2019-08-17,6259.0,Orta Aktivite
2019-08-18,6307.0,Orta Aktivite
2019-08-19,1335.0,Düşük Aktivite
2019-08-20,14561.0,Yüksek Aktivite
2019-08-21,7891.0,Orta Aktivite
2019-08-22,12895.0,Yüksek Aktivite
2019-08-23,15808.0,Yüksek Aktivite
2019-08-24,6493.0,Orta Aktivite
2019-08-25,6039.0,Orta Aktivite
2019-08-26,9253.0,Yüksek Aktivite
2019-08-27,2483.0,Düşük Aktivite
2019-08-28,7255.0,Orta Aktivite
2019-08-29,4027.0,Orta Aktivite
2019-08-30,18063.0,Yüksek Aktivite
2019-08-31,14203.0,Yüksek Aktivite
2019-09-01,9361.0,Yüksek Aktivite
2019-09-02,10463.0,Yüksek Aktivite
2019-09-03,4088.0,Orta Aktivite
2019-09-04,4684.0,Orta Aktivite
2019-09-05,6502.0,Orta Aktivite
2019-09-06,13362.0,Yüksek Aktivite
2019-09-07,5017.0,Orta Aktivite
2019-09-08,797.0,Düşük Aktivite
2019-09-09,4486.0,Orta Aktivite
2019-09-10,7016.0,Orta Aktivite
2019-09-11,4829.0,Orta Aktivite
2019-09-12,6508.0,Orta Aktivite
2019-09-13,11906.0,Yüksek Aktivite
2019-09-14,7082.0,Orta Aktivite
2019-09-15,14736.0,Yüksek Aktivite
2019-09-16,3941.0,Düşük Aktivite
2019-09-17,6248.0,Orta Aktivite
2019-09-18,5092.0,Orta Aktivite
2019-09-19,4765.0,Orta Aktivite
2019-09-20,10638.0,Yüksek Aktivite
2019-09-21,12659.0,Yüksek Aktivite
2019-09-22,1608.0,Düşük Aktivite
2019-09-23,7827.0,Orta Aktivite
2019-10-09,1930.0,Düşük Aktivite
2019-10-24,6577.0,Orta Aktivite
2019-10-25,12600.0,Yüksek Aktivite
2019-10-26,7704.0,Orta Aktivite
2019-10-27,6395.0,Orta Aktivite
2019-10-28,4528.0,Orta Aktivite
2019-10-29,4982.0,Orta Aktivite
2019-10-30,5947.0,Orta Aktivite
2019-10-31,7292.0,Orta Aktivite
2019-11-01,4886.0,Orta Aktivite
2019-11-02,10910.0,Yüksek Aktivite
2019-11-03,17391.0,Yüksek Aktivite
2019-11-04,10116.0,Yüksek Aktivite
2019-11-05,1458.0,Düşük Aktivite
2019-11-06,4525.0,Orta Aktivite
2019-11-07,4175.0,Orta Aktivite
2019-11-08,7166.0,Orta Aktivite
2019-11-09,4851.0,Orta Aktivite
2019-11-10,11176.0,Yüksek Aktivite
2019-11-11,18338.0,Yüksek Aktivite
2019-11-12,3215.0,Düşük Aktivite
2019-11-13,4599.0,Orta Aktivite
2019-11-14,6299.0,Orta Aktivite
2019-11-15,11156.0,Yüksek Aktivite
2019-11-16,10632.0,Yüksek Aktivite
2019-11-17,6858.0,Orta Aktivite
2019-11-18,3420.0,Düşük Aktivite
2019-11-19,4651.0,Orta Aktivite
2019-11-20,6164.0,Orta Aktivite
2019-11-21,5523.0,Orta Aktivite
2019-11-22,8291.0,Orta Aktivite
2019-11-23,21002.0,Yüksek Aktivite
2019-11-24,6044.0,Orta Aktivite
2019-11-25,4593.0,Orta Aktivite
2019-11-26,4365.0,Orta Aktivite
2019-11-27,6027.0,Orta Aktivite
2019-11-28,5705.0,Orta Aktivite
2019-11-29,6748.0,Orta Aktivite
2019-11-30,7019.0,Orta Aktivite
2019-12-01,11522.0,Yüksek Aktivite
2019-12-02,5453.0,Orta Aktivite
2019-12-03,3666.0,Düşük Aktivite
2019-12-04,3992.0,Düşük Aktivite
2019-12-05,7836.0,Orta Aktivite
2019-12-06,18014.0,Yüksek Aktivite
2019-12-07,8989.0,Orta Aktivite
2019-12-08,3645.0,Düşük Aktivite
2019-12-09,4394.0,Orta Aktivite
2019-12-10,936.0,Düşük Aktivite
2019-12-11,4897.0,Orta Aktivite
2019-12-12,5504.0,Orta Aktivite
2019-12-13,8966.0,Orta Aktivite
2019-12-14,9959.0,Yüksek Aktivite
2019-12-15,1693.0,Düşük Aktivite
2019-12-16,5026.0,Orta Aktivite
2019-12-17,7954.0,Orta Aktivite
2019-12-18,3891.0,Düşük Aktivite
2019-12-19,11099.0,Yüksek Aktivite
2019-12-20,9075.0,Yüksek Aktivite
2019-12-21,12356.0,Yüksek Aktivite
2019-12-22,2468.0,Düşük Aktivite
2019-12-23,6278.0,Orta Aktivite
2019-12-24,13092.0,Yüksek Aktivite
2019-12-25,4226.0,Orta Aktivite
2019-12-26,8030.0,Orta Aktivite
2019-12-27,17260.0,Yüksek Aktivite
2019-12-28,1036.0,Düşük Aktivite
2019-12-29,1035.0,Düşük Aktivite
2019-12-30,5783.0,Orta Aktivite
2019-12-31,7529.0,Orta Aktivite
2020-01-01,3897.0,Düşük Aktivite
2020-01-02,6340.0,Orta Aktivite
2020-01-03,6422.0,Orta Aktivite
2020-01-04,10420.0,Yüksek Aktivite
2020-01-05,1604.0,Düşük Aktivite
2020-01-06,7015.0,Orta Aktivite
2020-01-07,7887.0,Orta Aktivite
2020-01-08,8103.0,Orta Aktivite
2020-01-09,2164.0,Düşük Aktivite
2020-01-10,2273.0,Düşük Aktivite
2020-01-11,2700.0,Düşük Aktivite
2020-01-12,339.0,Düşük Aktivite
2020-01-13,4034.0,Orta Aktivite
2020-01-14,5677.0,Orta Aktivite
2020-01-15,3636.0,Düşük Aktivite
2020-01-16,8114.0,Orta Aktivite
2020-01-17,7660.0,Orta Aktivite
2020-01-18,6887.0,Orta Aktivite
2020-01-19,3604.0,Düşük Aktivite
2020-01-20,5928.0,Orta Aktivite
2020-01-21,6504.0,Orta Aktivite
2020-01-22,2232.0,Düşük Aktivite
2020-01-23,8913.0,Orta Aktivite
2020-01-24,11788.0,Yüksek Aktivite
2020-01-25,5129.0,Orta Aktivite
2020-01-26,4852.0,Orta Aktivite
2020-01-27,11198.0,Yüksek Aktivite
2020-01-28,5486.0,Orta Aktivite
2020-01-29,5087.0,Orta Aktivite
2020-01-30,8725.0,Orta Aktivite
2020-01-31,10098.0,Yüksek Aktivite
2020-02-01,6679.0,Orta Aktivite
2020-02-02,1854.0,Düşük Aktivite
2020-02-03,3602.0,Düşük Aktivite
2020-02-04,7743.0,Orta Aktivite
2020-02-05,8082.0,Orta Aktivite
2020-02-06,9820.0,Yüksek Aktivite
2020-02-07,9907.0,Yüksek Aktivite
2020-02-08,2369.0,Düşük Aktivite
2020-02-09,487.0,Düşük Aktivite
2020-02-10,4485.0,Orta Aktivite
2020-02-11,8282.0,Orta Aktivite
2020-02-12,5576.0,Orta Aktivite
2020-02-13,9123.0,Yüksek Aktivite
2020-02-14,12967.0,Yüksek Aktivite
2020-02-15,13972.0,Yüksek Aktivite
2020-02-16,2288.0,Düşük Aktivite
2020-02-17,7313.0,Orta Aktivite
2020-02-18,10638.0,Yüksek Aktivite
2020-02-19,6465.0,Orta Aktivite
2020-02-20,10890.0,Yüksek Aktivite
2020-02-21,8104.0,Orta Aktivite
2020-02-22,8005.0,Orta Aktivite
2020-02-23,3221.0,Düşük Aktivite
2020-02-24,13260.0,Yüksek Aktivite
2020-02-25,5419.0,Orta Aktivite
2020-02-26,13554.0,Yüksek Aktivite
2020-02-27,13632.0,Yüksek Aktivite
2020-02-28,5078.0,Orta Aktivite
2020-02-29,3613.0,Düşük Aktivite
2020-03-01,1395.0,Düşük Aktivite
2020-03-02,7725.0,Orta Aktivite
2020-03-03,5444.0,Orta Aktivite
2020-03-04,3984.0,Düşük Aktivite
2020-03-05,5725.0,Orta Aktivite
2020-03-06,13398.0,Yüksek Aktivite
2020-03-07,9012.0,Yüksek Aktivite
2020-03-08,5492.0,Orta Aktivite
2020-03-09,5106.0,Orta Aktivite
2020-03-10,8725.0,Orta Aktivite
2020-03-11,2906.0,Düşük Aktivite
2020-03-12,4400.0,Orta Aktivite
2020-03-13,4573.0,Orta Aktivite
2020-03-14,8588.0,Orta Aktivite
2020-03-15,13098.0,Yüksek Aktivite
2020-03-16,2762.0,Düşük Aktivite
2020-03-17,928.0,Düşük Aktivite
2020-03-18,7958.0,Orta Aktivite
2020-03-19,3268.0,Düşük Aktivite
2020-03-20,3521.0,Düşük Aktivite
2020-03-21,1518.0,Düşük Aktivite
2020-03-22,2286.0,Düşük Aktivite
2020-03-23,11659.0,Yüksek Aktivite
2020-03-24,3095.0,Düşük Aktivite
2020-03-25,6792.0,Orta Aktivite
2020-03-26,1498.0,Düşük Aktivite
2020-03-27,4169.0,Orta Aktivite
2020-03-28,1943.0,Düşük Aktivite
2020-03-29,583.0,Düşük Aktivite
2020-03-30,2885.0,Düşük Aktivite
2020-03-31,731.0,Düşük Aktivite
2020-04-01,1040.0,Düşük Aktivite
2020-04-02,2911.0,Düşük Aktivite
2020-04-03,2626.0,Düşük Aktivite
2020-04-04,486.0,Düşük Aktivite
2020-04-05,1613.0,Düşük Aktivite
2020-04-06,5027.0,Orta Aktivite
2020-04-07,1588.0,Düşük Aktivite
2020-04-08,2712.0,Düşük Aktivite
2020-04-09,2168.0,Düşük Aktivite
2020-04-10,2674.0,Düşük Aktivite
2020-04-11,3520.0,Düşük Aktivite
2020-04-12,1364.0,Düşük Aktivite
2020-04-13,2120.0,Düşük Aktivite
2020-04-14,2147.0,Düşük Aktivite
2020-04-15,1475.0,Düşük Aktivite
2020-04-16,4181.0,Orta Aktivite
2020-04-17,2271.0,Düşük Aktivite
2020-04-18,2225.0,Düşük Aktivite
2020-04-19,1285.0,Düşük Aktivite
2020-04-20,1823.0,Düşük Aktivite
2020-04-21,1548.0,Düşük Aktivite
2020-04-22,3761.0,Düşük Aktivite
2020-04-23,2964.0,Düşük Aktivite
2020-04-24,1787.0,Düşük Aktivite
2020-04-25,1526.0,Düşük Aktivite
2020-04-26,4125.0,Orta Aktivite
2020-04-27,8715.0,Orta Aktivite
2020-04-28,1115.0,Düşük Aktivite
2020-04-29,1698.0,Düşük Aktivite
2020-04-30,2811.0,Düşük Aktivite
2020-05-01,10654.0,Yüksek Aktivite
2020-05-02,1461.0,Düşük Aktivite
2020-05-03,11104.0,Yüksek Aktivite
2020-05-04,1971.0,Düşük Aktivite
2020-05-05,2603.0,Düşük Aktivite
2020-05-06,2160.0,Düşük Aktivite
2020-05-07,2302.0,Düşük Aktivite
2020-05-08,10586.0,Yüksek Aktivite
2020-05-09,12887.0,Yüksek Aktivite
2020-05-10,10511.0,Yüksek Aktivite
2020-05-11,2907.0,Düşük Aktivite
2020-05-12,2423.0,Düşük Aktivite
2020-05-13,1608.0,Düşük Aktivite
2020-05-14,5388.0,Orta Aktivite
2020-05-15,1357.0,Düşük Aktivite
2020-05-16,1141.0,Düşük Aktivite
2020-05-17,7026.0,Orta Aktivite
2020-05-18,3354.0,Düşük Aktivite
2020-05-19,4722.0,Orta Aktivite
2020-05-20,1659.0,Düşük Aktivite
2020-05-21,4709.0,Orta Aktivite
2020-05-22,7747.0,Orta Aktivite
2020-05-23,4503.0,Orta Aktivite
2020-05-24,6231.0,Orta Aktivite
2020-05-25,10581.0,Yüksek Aktivite
2020-05-26,7404.0,Orta Aktivite
2020-05-27,1460.0,Düşük Aktivite
2020-05-28,8941.0,Orta Aktivite
2020-05-29,3853.0,Düşük Aktivite
2020-05-30,1224.0,Düşük Aktivite
2020-05-31,2882.0,Düşük Aktivite
2020-06-01,2839.0,Düşük Aktivite
2020-06-02,3033.0,Düşük Aktivite
2020-06-03,10473.0,Yüksek Aktivite
2020-06-04,13397.0,Yüksek Aktivite
2020-06-05,9284.0,Yüksek Aktivite
2020-06-06,7624.0,Orta Aktivite
2020-06-07,6626.0,Orta Aktivite
2020-06-08,11820.0,Yüksek Aktivite
2020-06-09,14267.0,Yüksek Aktivite
2020-06-10,8925.0,Orta Aktivite
2020-06-11,4657.0,Orta Aktivite
2020-06-12,21988.0,Yüksek Aktivite
2020-06-13,10562.0,Yüksek Aktivite
2020-06-14,7220.0,Orta Aktivite
2020-06-15,1167.0,Düşük Aktivite
2020-06-16,13006.0,Yüksek Aktivite
2020-06-17,20600.0,Yüksek Aktivite
2020-06-18,10715.0,Yüksek Aktivite
2020-06-19,18184.0,Yüksek Aktivite
2020-06-20,10104.0,Yüksek Aktivite
2020-06-21,9829.0,Yüksek Aktivite
2020-06-22,7681.0,Orta Aktivite
2020-06-23,11604.0,Yüksek Aktivite
2020-06-24,15351.0,Yüksek Aktivite
2020-06-25,10141.0,Yüksek Aktivite
2020-06-26,9242.0,Yüksek Aktivite
2020-06-27,7831.0,Orta Aktivite
2020-06-28,28135.0,Yüksek Aktivite
2020-06-29,5863.0,Orta Aktivite
2020-06-30,14943.0,Yüksek Aktivite
2020-07-01,14870.0,Yüksek Aktivite
2020-07-02,2835.0,Düşük Aktivite
2020-07-03,5395.0,Orta Aktivite
2020-07-04,10986.0,Yüksek Aktivite
2020-07-05,6284.0,Orta Aktivite
2020-07-06,6460.0,Orta Aktivite
2020-07-07,7495.0,Orta Aktivite
2020-07-08,10043.0,Yüksek Aktivite
2020-07-09,13613.0,Yüksek Aktivite
2020-07-10,9717.0,Yüksek Aktivite
2020-07-11,5690.0,Orta Aktivite
2020-07-12,8034.0,Orta Aktivite
2020-07-13,16840.0,Yüksek Aktivite
2020-07-14,4895.0,Orta Aktivite
2020-07-15,20273.0,Yüksek Aktivite
2020-07-16,14780.0,Yüksek Aktivite
2020-07-17,13810.0,Yüksek Aktivite
2020-07-18,8425.0,Orta Aktivite
2020-07-19,14286.0,Yüksek Aktivite
2020-07-20,6834.0,Orta Aktivite
2020-07-21,14842.0,Yüksek Aktivite
2020-07-22,3637.0,Düşük Aktivite
2020-07-23,16741.0,Yüksek Aktivite
2020-07-24,6818.0,Orta Aktivite
2020-07-25,5594.0,Orta Aktivite
2020-07-26,13942.0,Yüksek Aktivite
2020-07-27,2517.0,Düşük Aktivite
2020-07-28,5614.0,Orta Aktivite
2020-07-29,11918.0,Yüksek Aktivite
2020-07-30,13071.0,Yüksek Aktivite
2020-07-31,7269.0,Orta Aktivite
2020-08-01,5324.0,Orta Aktivite
2020-08-02,10396.0,Yüksek Aktivite
2020-08-03,3467.0,Düşük Aktivite
2020-08-04,17376.0,Yüksek Aktivite
2020-08-05,6211.0,Orta Aktivite
2020-08-06,11717.0,Yüksek Aktivite
2020-08-07,11364.0,Yüksek Aktivite
2020-08-08,6458.0,Orta Aktivite
2020-08-09,5472.0,Orta Aktivite
2020-08-10,7520.0,Orta Aktivite
2020-08-11,5863.0,Orta Aktivite
2020-08-12,1219.0,Düşük Aktivite
2020-08-13,2781.0,Düşük Aktivite
2020-08-14,3113.0,Düşük Aktivite
2020-08-15,7275.0,Orta Aktivite
2020-08-16,13684.0,Yüksek Aktivite
2020-08-17,8525.0,Orta Aktivite
2020-08-18,4638.0,Orta Aktivite
2020-08-19,7440.0,Orta Aktivite
2020-08-20,4702.0,Orta Aktivite
2020-08-21,13300.0,Yüksek Aktivite
2020-08-22,1966.0,Düşük Aktivite
2020-08-23,1590.0,Düşük Aktivite
2020-08-24,7919.0,Orta Aktivite
2020-08-25,12361.0,Yüksek Aktivite
2020-08-26,5450.0,Orta Aktivite
2020-08-27,8828.0,Orta Aktivite
2020-08-28,7884.0,Orta Aktivite
2020-08-29,5987.0,Orta Aktivite
2020-08-30,2726.0,Düşük Aktivite
2020-08-31,14760.0,Yüksek Aktivite
2020-09-01,11532.0,Yüksek Aktivite
2020-09-02,8691.0,Orta Aktivite
2020-09-03,9254.0,Yüksek Aktivite
2020-09-04,12324.0,Yüksek Aktivite
2020-09-05,6378.0,Orta Aktivite
2020-09-06,4583.0,Orta Aktivite
2020-09-07,4042.0,Orta Aktivite
2020-09-08,7580.0,Orta Aktivite
2020-09-09,3413.0,Düşük Aktivite
2020-09-10,7740.0,Orta Aktivite
2020-09-11,19251.0,Yüksek Aktivite
2020-09-12,10167.0,Yüksek Aktivite
2020-09-13,953.0,Düşük Aktivite
2020-09-14,4633.0,Orta Aktivite
2020-09-15,6411.0,Orta Aktivite
2020-09-16,5290.0,Orta Aktivite
2020-09-17,8612.0,Orta Aktivite
2020-09-18,16615.0,Yüksek Aktivite
2020-09-19,4972.0,Orta Aktivite
2020-09-20,568.0,Düşük Aktivite
2020-09-21,5507.0,Orta Aktivite
2020-09-22,5225.0,Orta Aktivite
2020-09-23,11629.0,Yüksek Aktivite
2020-09-24,5976.0,Orta Aktivite
2020-09-25,16556.0,Yüksek Aktivite
2020-09-26,6412.0,Orta Aktivite
2020-09-27,3628.0,Düşük Aktivite
2020-09-28,9425.0,Yüksek Aktivite
2020-09-29,6209.0,Orta Aktivite
2020-09-30,8071.0,Orta Aktivite
2020-10-01,5222.0,Orta Aktivite
2020-10-02,18236.0,Yüksek Aktivite
2020-10-03,11729.0,Yüksek Aktivite
2020-10-04,4680.0,Orta Aktivite
2020-10-05,7638.0,Orta Aktivite
2020-10-06,4632.0,Orta Aktivite
2020-10-07,4930.0,Orta Aktivite
2020-10-08,7702.0,Orta Aktivite
2020-10-09,16227.0,Yüksek Aktivite
2020-10-10,7752.0,Orta Aktivite
2020-10-11,3609.0,Düşük Aktivite
2020-10-12,3547.0,Düşük Aktivite
2020-10-13,5665.0,Orta Aktivite
2020-10-14,1462.0,Düşük Aktivite
2020-10-15,3414.0,Düşük Aktivite
2020-10-16,9079.0,Yüksek Aktivite
2020-10-17,5269.0,Orta Aktivite
2020-10-18,739.0,Düşük Aktivite
2020-10-19,4192.0,Orta Aktivite
2020-10-20,3018.0,Düşük Aktivite
2020-10-21,6481.0,Orta Aktivite
2020-10-22,4007.0,Orta Aktivite
2020-10-23,10966.0,Yüksek Aktivite
2020-10-24,2180.0,Düşük Aktivite
2020-10-25,3438.0,Düşük Aktivite
2020-10-26,3648.0,Düşük Aktivite
2020-10-27,3538.0,Düşük Aktivite
2020-10-28,8434.0,Orta Aktivite
2020-10-29,4433.0,Orta Aktivite
2020-10-30,9887.0,Yüksek Aktivite
2020-10-31,4376.0,Orta Aktivite
2020-11-01,4473.0,Orta Aktivite
2020-11-02,7319.0,Orta Aktivite
2020-11-03,2930.0,Düşük Aktivite
2020-11-04,1490.0,Düşük Aktivite
2020-11-05,4587.0,Orta Aktivite
2020-11-06,13994.0,Yüksek Aktivite
2020-11-07,3542.0,Düşük Aktivite
2020-11-08,4190.0,Orta Aktivite
2020-11-09,5092.0,Orta Aktivite
2020-11-10,6932.0,Orta Aktivite
2020-11-11,8478.0,Orta Aktivite
2020-11-12,9740.0,Yüksek Aktivite
2020-11-13,12142.0,Yüksek Aktivite
2020-11-14,3987.0,Düşük Aktivite
2020-11-15,2646.0,Düşük Aktivite
2020-11-16,707.0,Düşük Aktivite
2020-11-17,2491.0,Düşük Aktivite
2020-11-18,1135.0,Düşük Aktivite
2020-11-19,6529.0,Orta Aktivite
2020-11-20,6660.0,Orta Aktivite
2020-11-21,8908.0,Orta Aktivite
2020-11-22,3779.0,Düşük Aktivite
2020-11-23,6773.0,Orta Aktivite
2020-11-24,10181.0,Yüksek Aktivite
2020-11-25,6021.0,Orta Aktivite
2020-11-26,8368.0,Orta Aktivite
2020-11-27,13843.0,Yüksek Aktivite
2020-11-28,14027.0,Yüksek Aktivite
2020-11-29,1057.0,Düşük Aktivite
2020-11-30,6055.0,Orta Aktivite
2020-12-01,5598.0,Orta Aktivite
2020-12-02,1416.0,Düşük Aktivite
2020-12-03,4071.0,Orta Aktivite
2020-12-04,10125.0,Yüksek Aktivite
2020-12-05,8064.0,Orta Aktivite
2020-12-06,2508.0,Düşük Aktivite
2020-12-07,4069.0,Orta Aktivite
2020-12-08,4841.0,Orta Aktivite
2020-12-09,6096.0,Orta Aktivite
2020-12-10,4104.0,Orta Aktivite
2020-12-11,11258.0,Yüksek Aktivite
2020-12-12,2691.0,Düşük Aktivite
2020-12-13,1408.0,Düşük Aktivite
2020-12-14,2472.0,Düşük Aktivite
2020-12-15,5567.0,Orta Aktivite
2020-12-16,5574.0,Orta Aktivite
2020-12-17,5466.0,Orta Aktivite
2020-12-18,13917.0,Yüksek Aktivite
2020-12-19,5522.0,Orta Aktivite
2020-12-20,1825.0,Düşük Aktivite
2020-12-21,5747.0,Orta Aktivite
2020-12-22,2198.0,Düşük Aktivite
2020-12-23,6185.0,Orta Aktivite
2020-12-24,11181.0,Yüksek Aktivite
2020-12-25,7314.0,Orta Aktivite
2020-12-26,4722.0,Orta Aktivite
2020-12-27,9420.0,Yüksek Aktivite
2020-12-28,9144.0,Yüksek Aktivite
2020-12-29,5111.0,Orta Aktivite
2020-12-30,4103.0,Orta Aktivite
2020-12-31,5177.0,Orta Aktivite
2021-01-01,8633.0,Orta Aktivite
2021-01-02,3294.0,Düşük Aktivite
2021-01-03,5555.0,Orta Aktivite
2021-01-04,7743.0,Orta Aktivite
2021-01-05,13172.0,Yüksek Aktivite
2021-01-06,3800.0,Düşük Aktivite
2021-01-07,8149.0,Orta Aktivite
2021-01-08,4831.0,Orta Aktivite
2021-01-09,5598.0,Orta Aktivite
2021-01-10,1729.0,Düşük Aktivite
2021-01-11,4940.0,Orta Aktivite
2021-01-12,4019.0,Orta Aktivite
2021-01-13,7861.0,Orta Aktivite
2021-01-14,9408.0,Yüksek Aktivite
2021-01-15,8026.0,Orta Aktivite
2021-01-16,6141.0,Orta Aktivite
2021-01-17,4878.0,Orta Aktivite
2021-01-18,4516.0,Orta Aktivite
2021-01-19,4586.0,Orta Aktivite
2021-01-20,3743.0,Düşük Aktivite
2021-01-21,4074.0,Orta Aktivite
2021-01-22,6438.0,Orta Aktivite
2021-01-23,6244.0,Orta Aktivite
2021-01-24,3446.0,Düşük Aktivite
2021-01-25,4126.0,Orta Aktivite
2021-01-26,6454.0,Orta Aktivite
2021-01-27,5997.0,Orta Aktivite
2021-01-28,7026.0,Orta Aktivite
2021-01-29,9364.0,Yüksek Aktivite
2021-01-30,9876.0,Yüksek Aktivite
2021-01-31,5505.0,Orta Aktivite
2021-02-01,10481.0,Yüksek Aktivite
2021-02-02,5726.0,Orta Aktivite
2021-02-03,3172.0,Düşük Aktivite
2021-02-04,16681.0,Yüksek Aktivite
2021-02-05,5025.0,Orta Aktivite
2021-02-06,7400.0,Orta Aktivite
2021-02-07,3265.0,Düşük Aktivite
2021-02-08,4917.0,Orta Aktivite
2021-02-09,5401.0,Orta Aktivite
2021-02-10,3890.0,Düşük Aktivite
2021-02-11,9124.0,Yüksek Aktivite
2021-02-12,6803.0,Orta Aktivite
2021-02-13,6430.0,Orta Aktivite
2021-02-14,2620.0,Düşük Aktivite
2021-02-15,5391.0,Orta Aktivite
2021-02-16,3763.0,Düşük Aktivite
2021-02-17,8016.0,Orta Aktivite
2021-02-18,6109.0,Orta Aktivite
2021-02-19,7654.0,Orta Aktivite
2021-02-20,11769.0,Yüksek Aktivite
2021-02-21,2612.0,Düşük Aktivite
2021-02-22,4914.0,Orta Aktivite
2021-02-23,3900.0,Düşük Aktivite
2021-02-24,6038.0,Orta Aktivite
2021-02-25,7701.0,Orta Aktivite
2021-02-26,9670.0,Yüksek Aktivite
2021-02-27,10804.0,Yüksek Aktivite
2021-02-28,2632.0,Düşük Aktivite
2021-03-01,8219.0,Orta Aktivite
2021-03-02,4302.0,Orta Aktivite
2021-03-03,6313.0,Orta Aktivite
2021-03-04,7235.0,Orta Aktivite
2021-03-05,14406.0,Yüksek Aktivite
2021-03-06,5407.0,Orta Aktivite
2021-03-07,5758.0,Orta Aktivite
2021-03-08,2396.0,Düşük Aktivite
2021-03-09,5278.0,Orta Aktivite
2021-03-10,5455.0,Orta Aktivite
2021-03-11,6240.0,Orta Aktivite
2021-03-12,6782.0,Orta Aktivite
2021-03-13,9367.0,Yüksek Aktivite
2021-03-14,3765.0,Düşük Aktivite
2021-03-15,6290.0,Orta Aktivite
2021-03-16,3245.0,Düşük Aktivite
2021-03-17,5281.0,Orta Aktivite
2021-03-18,4197.0,Orta Aktivite
2021-03-19,8187.0,Orta Aktivite
2021-03-20,6405.0,Orta Aktivite
2021-03-21,2078.0,Düşük Aktivite
2021-03-22,3920.0,Düşük Aktivite
2021-03-23,5581.0,Orta Aktivite
2021-03-24,10398.0,Yüksek Aktivite
2021-03-25,4425.0,Orta Aktivite
2021-03-26,7689.0,Orta Aktivite
2021-03-27,12233.0,Yüksek Aktivite
2021-03-28,4832.0,Orta Aktivite
2021-03-29,4058.0,Orta Aktivite
2021-03-30,1887.0,Düşük Aktivite
2021-03-31,5284.0,Orta Aktivite
2021-04-01,1787.0,Düşük Aktivite
2021-04-02,7092.0,Orta Aktivite
2021-04-03,9265.0,Yüksek Aktivite
2021-04-04,6534.0,Orta Aktivite
2021-04-05,4654.0,Orta Aktivite
2021-04-06,3758.0,Düşük Aktivite
2021-04-07,7722.0,Orta Aktivite
2021-04-08,5201.0,Orta Aktivite
2021-04-09,9993.0,Yüksek Aktivite
2021-04-10,10804.0,Yüksek Aktivite
2021-04-11,4275.0,Orta Aktivite
2021-04-12,9186.0,Yüksek Aktivite
2021-04-13,6172.0,Orta Aktivite
2021-04-14,2087.0,Düşük Aktivite
2021-04-15,5647.0,Orta Aktivite
2021-04-16,13454.0,Yüksek Aktivite
2021-04-17,5063.0,Orta Aktivite
2021-04-18,8194.0,Orta Aktivite
2021-04-19,8247.0,Orta Aktivite
2021-04-20,5587.0,Orta Aktivite
2021-04-21,11154.0,Yüksek Aktivite
2021-04-22,10354.0,Yüksek Aktivite
2021-04-23,9028.0,Yüksek Aktivite
2021-04-24,8821.0,Orta Aktivite
2021-04-25,2805.0,Düşük Aktivite
2021-04-26,5581.0,Orta Aktivite
2021-04-27,4819.0,Orta Aktivite
2021-04-28,9007.0,Yüksek Aktivite
2021-04-29,8133.0,Orta Aktivite
2021-04-30,13551.0,Yüksek Aktivite
2021-05-01,7554.0,Orta Aktivite
2021-05-02,6313.0,Orta Aktivite
2021-05-03,2220.0,Düşük Aktivite
2021-05-04,5270.0,Orta Aktivite
2021-05-05,7056.0,Orta Aktivite
2021-05-06,5017.0,Orta Aktivite
2021-05-07,9686.0,Yüksek Aktivite
2021-05-08,6099.0,Orta Aktivite
2021-05-09,8097.0,Orta Aktivite
2021-05-10,12578.0,Yüksek Aktivite
2021-05-11,6126.0,Orta Aktivite
2021-05-12,5264.0,Orta Aktivite
2021-05-13,3772.0,Düşük Aktivite
2021-05-14,9634.0,Yüksek Aktivite
2021-05-15,3588.0,Düşük Aktivite
2021-05-16,11485.0,Yüksek Aktivite
2021-05-17,4996.0,Orta Aktivite
2021-05-18,8621.0,Orta Aktivite
2021-05-19,5260.0,Orta Aktivite
2021-05-20,2313.0,Düşük Aktivite
2021-05-21,9148.0,Yüksek Aktivite
2021-05-22,4679.0,Orta Aktivite
2021-05-23,14262.0,Yüksek Aktivite
2021-05-24,6254.0,Orta Aktivite
2021-05-25,7930.0,Orta Aktivite
2021-05-26,10981.0,Yüksek Aktivite
2021-05-27,10258.0,Yüksek Aktivite
2021-05-28,15354.0,Yüksek Aktivite
2021-05-29,10637.0,Yüksek Aktivite
2021-05-30,11535.0,Yüksek Aktivite
2021-05-31,9298.0,Yüksek Aktivite
2021-06-01,11437.0,Yüksek Aktivite
2021-06-02,10944.0,Yüksek Aktivite
2021-06-03,11200.0,Yüksek Aktivite
2021-06-04,13242.0,Yüksek Aktivite
2021-06-05,10244.0,Yüksek Aktivite
2021-06-06,10475.0,Yüksek Aktivite
2021-06-07,11093.0,Yüksek Aktivite
2021-06-08,7449.0,Orta Aktivite
2021-06-09,8538.0,Orta Aktivite
2021-06-10,16653.0,Yüksek Aktivite
2021-06-11,17239.0,Yüksek Aktivite
2021-06-12,14703.0,Yüksek Aktivite
2021-06-13,3878.0,Düşük Aktivite
2021-06-14,13978.0,Yüksek Aktivite
2021-06-15,8450.0,Orta Aktivite
2021-06-16,10569.0,Yüksek Aktivite
2021-06-17,13323.0,Yüksek Aktivite
2021-06-18,12808.0,Yüksek Aktivite
2021-06-19,10607.0,Yüksek Aktivite
2021-06-20,12282.0,Yüksek Aktivite
2021-06-21,11564.0,Yüksek Aktivite
2021-06-22,17278.0,Yüksek Aktivite
2021-06-23,5119.0,Orta Aktivite
2021-06-24,11830.0,Yüksek Aktivite
2021-06-25,14005.0,Yüksek Aktivite
2021-06-26,3965.0,Düşük Aktivite
2021-06-27,1886.0,Düşük Aktivite
2021-06-28,8038.0,Orta Aktivite
2021-06-29,9545.0,Yüksek Aktivite
2021-06-30,9445.0,Yüksek Aktivite
2021-07-01,8251.0,Orta Aktivite
2021-07-02,8249.0,Orta Aktivite
2021-07-03,4358.0,Orta Aktivite
2021-07-04,7497.0,Orta Aktivite
2021-07-05,14839.0,Yüksek Aktivite
2021-07-06,8319.0,Orta Aktivite
2021-07-07,17174.0,Yüksek Aktivite
2021-07-08,12485.0,Yüksek Aktivite
2021-07-09,14661.0,Yüksek Aktivite
2021-07-10,17462.0,Yüksek Aktivite
2021-07-11,18160.0,Yüksek Aktivite
2021-07-12,13918.0,Yüksek Aktivite
2021-07-13,12898.0,Yüksek Aktivite
2021-07-14,5214.0,Orta Aktivite
2021-07-15,13369.0,Yüksek Aktivite
2021-07-16,12773.0,Yüksek Aktivite
2021-07-17,6428.0,Orta Aktivite
2021-07-18,8890.0,Orta Aktivite
2021-07-19,9158.0,Yüksek Aktivite
2021-07-20,12783.0,Yüksek Aktivite
2021-07-21,12316.0,Yüksek Aktivite
2021-07-22,10842.0,Yüksek Aktivite
2021-07-23,4842.0,Orta Aktivite
2021-07-24,6567.0,Orta Aktivite
2021-07-25,11675.0,Yüksek Aktivite
2021-07-26,11709.0,Yüksek Aktivite
2021-07-27,6483.0,Orta Aktivite
2021-07-28,17193.0,Yüksek Aktivite
2021-07-29,9261.0,Yüksek Aktivite
2021-07-30,9810.0,Yüksek Aktivite
2021-07-31,10211.0,Yüksek Aktivite
2021-08-01,7241.0,Orta Aktivite
2021-08-02,11077.0,Yüksek Aktivite
2021-08-03,9097.0,Yüksek Aktivite
2021-08-04,10537.0,Yüksek Aktivite
2021-08-05,9827.0,Yüksek Aktivite
2021-08-06,7860.0,Orta Aktivite
2021-08-07,5474.0,Orta Aktivite
2021-08-08,12873.0,Yüksek Aktivite
2021-08-09,4608.0,Orta Aktivite
2021-08-10,3637.0,Düşük Aktivite
2021-08-11,10138.0,Yüksek Aktivite
2021-08-12,10695.0,Yüksek Aktivite
2021-08-13,7203.0,Orta Aktivite
2021-08-14,6763.0,Orta Aktivite
2021-08-15,11482.0,Yüksek Aktivite
2021-08-16,16169.0,Yüksek Aktivite
2021-08-17,6511.0,Orta Aktivite
2021-08-18,11484.0,Yüksek Aktivite
2021-08-19,13592.0,Yüksek Aktivite
2021-08-20,11317.0,Yüksek Aktivite
2021-08-21,10369.0,Yüksek Aktivite
2021-08-22,4425.0,Orta Aktivite
2021-08-23,7785.0,Orta Aktivite
2021-08-24,15278.0,Yüksek Aktivite
2021-08-25,5886.0,Orta Aktivite
2021-08-26,11469.0,Yüksek Aktivite
2021-08-27,11686.0,Yüksek Aktivite
2021-08-28,15048.0,Yüksek Aktivite
2021-08-29,6805.0,Orta Aktivite
2021-08-30,12500.0,Yüksek Aktivite
2021-08-31,14243.0,Yüksek Aktivite
2021-09-01,9662.0,Yüksek Aktivite
2021-09-02,4521.0,Orta Aktivite
2021-09-03,12843.0,Yüksek Aktivite
2021-09-04,10347.0,Yüksek Aktivite
2021-09-05,9759.0,Yüksek Aktivite
2021-09-06,3828.0,Düşük Aktivite
2021-09-07,5197.0,Orta Aktivite
2021-09-08,6580.0,Orta Aktivite
2021-09-09,4171.0,Orta Aktivite
2021-09-10,11907.0,Yüksek Aktivite
2021-09-11,15317.0,Yüksek Aktivite
2021-09-12,4752.0,Orta Aktivite
2021-09-13,4240.0,Orta Aktivite
2021-09-14,6082.0,Orta Aktivite
2021-09-15,9716.0,Yüksek Aktivite
2021-09-16,8267.0,Orta Aktivite
2021-09-17,10863.0,Yüksek Aktivite
2021-09-18,3400.0,Düşük Aktivite
2021-09-19,4240.0,Orta Aktivite
2021-09-20,6483.0,Orta Aktivite
2021-09-21,8032.0,Orta Aktivite
2021-09-22,4089.0,Orta Aktivite
2021-09-23,7970.0,Orta Aktivite
2021-09-24,8605.0,Orta Aktivite
2021-09-25,7097.0,Orta Aktivite
2021-09-26,7347.0,Orta Aktivite
2021-09-27,14128.0,Yüksek Aktivite
2021-09-28,14025.0,Yüksek Aktivite
2021-09-29,1361.0,Düşük Aktivite
2021-09-30,2094.0,Düşük Aktivite
2021-10-01,4175.0,Orta Aktivite
2021-10-02,5863.0,Orta Aktivite
2021-10-03,2761.0,Düşük Aktivite
2021-10-04,4349.0,Orta Aktivite
2021-10-05,4526.0,Orta Aktivite
2021-10-06,5773.0,Orta Aktivite
2021-10-07,1273.0,Düşük Aktivite
2021-10-08,3937.0,Düşük Aktivite
2021-10-09,7377.0,Orta Aktivite
2021-10-10,3070.0,Düşük Aktivite
2021-10-11,7123.0,Orta Aktivite
2021-10-12,2661.0,Düşük Aktivite
2021-10-13,7474.0,Orta Aktivite
2021-10-14,5671.0,Orta Aktivite
2021-10-15,5243.0,Orta Aktivite
2021-10-16,1872.0,Düşük Aktivite
2021-10-17,2632.0,Düşük Aktivite
2021-10-18,9391.0,Yüksek Aktivite
2021-10-19,6286.0,Orta Aktivite
2021-10-20,4709.0,Orta Aktivite
2021-10-21,4834.0,Orta Aktivite
2021-10-22,7133.0,Orta Aktivite
2021-10-23,8677.0,Orta Aktivite
2021-10-24,4614.0,Orta Aktivite
2021-10-25,4019.0,Orta Aktivite
2021-10-26,3480.0,Düşük Aktivite
2021-10-27,8961.0,Orta Aktivite
2021-10-28,12618.0,Yüksek Aktivite
2021-10-29,9900.0,Yüksek Aktivite
2021-10-30,3379.0,Düşük Aktivite
2021-10-31,2264.0,Düşük Aktivite
2021-11-01,10505.0,Yüksek Aktivite
2021-11-02,10058.0,Yüksek Aktivite
2021-11-03,9788.0,Yüksek Aktivite
2021-11-04,4475.0,Orta Aktivite
2021-11-05,13098.0,Yüksek Aktivite
2021-11-06,8007.0,Orta Aktivite
2021-11-07,8199.0,Orta Aktivite
2021-11-08,6753.0,Orta Aktivite
2021-11-09,5945.0,Orta Aktivite
2021-11-10,6161.0,Orta Aktivite
2021-11-11,6100.0,Orta Aktivite
2021-11-12,10090.0,Yüksek Aktivite
2021-11-13,9697.0,Yüksek Aktivite
2021-11-14,4521.0,Orta Aktivite
2021-11-15,5282.0,Orta Aktivite
2021-11-16,7327.0,Orta Aktivite
2021-11-17,7302.0,Orta Aktivite
2021-11-18,10221.0,Yüksek Aktivite
2021-11-19,8482.0,Orta Aktivite
2021-11-20,11049.0,Yüksek Aktivite
2021-11-21,1181.0,Düşük Aktivite
2021-11-22,6175.0,Orta Aktivite
2021-11-23,3483.0,Düşük Aktivite
2021-11-24,7090.0,Orta Aktivite
2021-11-25,13331.0,Yüksek Aktivite
2021-11-26,11506.0,Yüksek Aktivite
2021-11-27,5201.0,Orta Aktivite
2021-11-28,5417.0,Orta Aktivite
2021-11-29,7289.0,Orta Aktivite
2021-11-30,7566.0,Orta Aktivite
2021-12-01,10434.0,Yüksek Aktivite
2021-12-02,11141.0,Yüksek Aktivite
2021-12-03,7599.0,Orta Aktivite
2021-12-04,8071.0,Orta Aktivite
2021-12-05,6476.0,Orta Aktivite
2021-12-06,5595.0,Orta Aktivite
2021-12-07,8811.0,Orta Aktivite
2021-12-08,4910.0,Orta Aktivite
2021-12-09,9706.0,Yüksek Aktivite
2021-12-10,6243.0,Orta Aktivite
2021-12-11,7059.0,Orta Aktivite
2021-12-12,12799.0,Yüksek Aktivite
2021-12-13,9685.0,Yüksek Aktivite
2021-12-14,8027.0,Orta Aktivite
2021-12-15,6024.0,Orta Aktivite
2021-12-16,11090.0,Yüksek Aktivite
2021-12-17,9777.0,Yüksek Aktivite
2021-12-18,8136.0,Orta Aktivite
2021-12-19,2759.0,Düşük Aktivite
2021-12-20,6965.0,Orta Aktivite
2021-12-21,10712.0,Yüksek Aktivite
2021-12-22,6787.0,Orta Aktivite
2021-12-23,9936.0,Yüksek Aktivite
2021-12-24,7487.0,Orta Aktivite
2021-12-25,16432.0,Yüksek Aktivite
2021-12-26,6817.0,Orta Aktivite
2021-12-27,5136.0,Orta Aktivite
2021-12-28,7827.0,Orta Aktivite
2021-12-29,4715.0,Orta Aktivite
2021-12-30,8771.0,Orta Aktivite
2021-12-31,6184.0,Orta Aktivite
2022-01-01,8263.0,Orta Aktivite
2022-01-02,8149.0,Orta Aktivite
2022-01-03,7084.0,Orta Aktivite
2022-01-04,3867.0,Düşük Aktivite
2022-01-05,11186.0,Yüksek Aktivite
2022-01-06,8878.0,Orta Aktivite
2022-01-07,17530.0,Yüksek Aktivite
2022-01-08,10120.0,Yüksek Aktivite
2022-01-09,2169.0,Düşük Aktivite
2022-01-10,6288.0,Orta Aktivite
2022-01-11,9665.0,Yüksek Aktivite
2022-01-12,6429.0,Orta Aktivite
2022-01-13,4809.0,Orta Aktivite
2022-01-14,17705.0,Yüksek Aktivite
2022-01-15,10205.0,Yüksek Aktivite
2022-01-16,3710.0,Düşük Aktivite
2022-01-17,6890.0,Orta Aktivite
2022-01-18,11442.0,Yüksek Aktivite
2022-01-19,9645.0,Yüksek Aktivite
2022-01-20,9961.0,Yüksek Aktivite
2022-01-21,9687.0,Yüksek Aktivite
2022-01-22,10959.0,Yüksek Aktivite
2022-01-23,3170.0,Düşük Aktivite
2022-01-24,5822.0,Orta Aktivite
2022-01-25,6365.0,Orta Aktivite
2022-01-26,8785.0,Orta Aktivite
2022-01-27,7913.0,Orta Aktivite
2022-01-28,13431.0,Yüksek Aktivite
2022-01-29,5150.0,Orta Aktivite
2022-01-30,3111.0,Düşük Aktivite
2022-01-31,4770.0,Orta Aktivite
2022-02-01,8016.0,Orta Aktivite
2022-02-02,6701.0,Orta Aktivite
2022-02-03,10700.0,Yüksek Aktivite
2022-02-04,8765.0,Orta Aktivite
2022-02-05,5546.0,Orta Aktivite
2022-02-06,5785.0,Orta Aktivite
2022-02-07,7766.0,Orta Aktivite
2022-02-08,9530.0,Yüksek Aktivite
2022-02-09,6516.0,Orta Aktivite
2022-02-10,2175.0,Düşük Aktivite
2022-02-11,5302.0,Orta Aktivite
2022-02-12,8766.0,Orta Aktivite
2022-02-13,6797.0,Orta Aktivite
2022-02-14,6031.0,Orta Aktivite
2022-02-15,10714.0,Yüksek Aktivite
2022-02-16,8479.0,Orta Aktivite
2022-02-17,9849.0,Yüksek Aktivite
2022-02-18,13378.0,Yüksek Aktivite
2022-02-19,9569.0,Yüksek Aktivite
2022-02-20,3527.0,Düşük Aktivite
2022-02-21,7578.0,Orta Aktivite
2022-02-22,12977.0,Yüksek Aktivite
2022-02-23,4824.0,Orta Aktivite
2022-02-24,6723.0,Orta Aktivite
2022-02-25,10613.0,Yüksek Aktivite
2022-02-26,9234.0,Yüksek Aktivite
2022-02-27,4885.0,Orta Aktivite
2022-02-28,7066.0,Orta Aktivite
2022-03-01,8619.0,Orta Aktivite
2022-03-02,7664.0,Orta Aktivite
2022-03-03,7537.0,Orta Aktivite
2022-03-04,10259.0,Yüksek Aktivite
2022-03-05,5967.0,Orta Aktivite
2022-03-06,15514.0,Yüksek Aktivite
2022-03-07,9422.0,Yüksek Aktivite
2022-03-08,2824.0,Düşük Aktivite
2022-03-09,9657.0,Yüksek Aktivite
2022-03-10,8290.0,Orta Aktivite
2022-03-11,7150.0,Orta Aktivite
2022-03-12,14096.0,Yüksek Aktivite
2022-03-13,8201.0,Orta Aktivite
2022-03-14,5088.0,Orta Aktivite
